{
  "DecisionTree": {
    "max_depth": 7,
    "min_samples_leaf": 7,
    "min_samples_split": 5,
    "max_features": 0.9541325291542696
  },
  "RandomForest": {
    "n_estimators": 489,
    "max_depth": 9,
    "min_samples_leaf": 3,
    "max_features": 0.7884537477956695
  },
  "LightGBM": {
    "n_estimators": 470,
    "learning_rate": 0.09988626813889347,
    "max_depth": 8,
    "num_leaves": 8,
    "min_child_samples": 13,
    "reg_alpha": 0.12052376223631577,
    "reg_lambda": 0.0010134446798603573,
    "subsample": 0.652169764022882,
    "colsample_bytree": 0.9572831382700913
  },
  "XGBoost": {
    "n_estimators": 781,
    "learning_rate": 0.04362914714972917,
    "max_depth": 5,
    "min_child_weight": 1,
    "reg_alpha": 0.2369789425123205,
    "reg_lambda": 0.40806072881474864,
    "subsample": 0.8510571781023799,
    "colsample_bytree": 0.8177695037424447,
    "gamma": 0.015536082439507685
  }
}