{
  "2 Mars": [
    33.5691439,
    -7.6126952
  ],
  "Ain Borja": [
    33.5803751,
    -7.5918549
  ],
  "Ain Chock": [
    33.5370603,
    -7.5981542
  ],
  "Ain Diab": [
    33.5811626,
    -7.6843877
  ],
  "Ain Sebaa": [
    33.6059943,
    -7.5387936
  ],
  "Al Andalous": [
    33.5325189,
    -7.6169606
  ],
  "Al Azhar": [
    33.6017288,
    -7.4910225
  ],
  "Al Hadika": [
    33.603,
    -7.531
  ],
  "Al Mostakbal": [
    33.5314669,
    -7.647473
  ],
  "Al Osra": [
    33.5390462,
    -7.5843832
  ],
  "Al Qods": [
    33.5436704,
    -7.5819537
  ],
  "Almaz": [
    33.5105972,
    -7.6890869
  ],
  "Alsace Lorraine": [
    33.5881538,
    -7.6125987
  ],
  "Anassi": [
    33.5909369,
    -7.491909
  ],
  "Anfa": [
    33.5785572,
    -7.690557
  ],
  "Anfa Superieur": [
    33.5890411,
    -7.6638742
  ],
  "Aïn Sebaâ": [
    33.6059943,
    -7.5387936
  ],
  "Bachkou": [
    33.5570776,
    -7.6274253
  ],
  "Bd Abdelmoumen": [
    33.5638831,
    -7.6273514
  ],
  "Bd Raphael": [
    33.5865577,
    -7.6473302
  ],
  "Beausejour": [
    33.5684105,
    -7.6492935
  ],
  "Beauséjour": [
    33.5684105,
    -7.6492935
  ],
  "Belvédère": [
    33.5854037,
    -7.5897702
  ],
  "Bernoussi": [
    33.6138914,
    -7.5029373
  ],
  "Bir Anzarane": [
    33.5863001,
    -7.6470437
  ],
  "Bournazil": [
    33.5699904,
    -7.557857
  ],
  "Burger": [
    33.595289,
    -7.6253802
  ],
  "Californie": [
    33.5411922,
    -7.626038
  ],
  "Casablanca": [
    33.5945144,
    -7.6200284
  ],
  "Casablanca Finance City": [
    33.5631545,
    -7.6604232
  ],
  "Centre Ville": [
    33.5906153,
    -7.6139096
  ],
  "Derb Ghalef": [
    33.5701564,
    -7.6317685
  ],
  "Derb Omar": [
    33.5894713,
    -7.6094822
  ],
  "Finance City": [
    33.5631545,
    -7.6604232
  ],
  "Foncière": [
    33.5909831,
    -7.6206687
  ],
  "Franceville": [
    33.5622952,
    -7.629552
  ],
  "Garage Allal": [
    33.577719,
    -7.6000413
  ],
  "Gauthier": [
    33.5898333,
    -7.6306305
  ],
  "Habbous": [
    33.5750899,
    -7.6448212
  ],
  "Hay Arrahma": [
    33.5314403,
    -7.7181929
  ],
  "Hay Chrifa": [
    33.5349779,
    -7.609844
  ],
  "Hay Hassani": [
    33.5470387,
    -7.6781652
  ],
  "Hay Inara": [
    33.537,
    -7.6
  ],
  "Hay Rmila": [
    33.5565917,
    -7.5985122
  ],
  "Hay Salama": [
    33.5663417,
    -7.5574025
  ],
  "Hermitage": [
    33.5666079,
    -7.6209496
  ],
  "Inara": [
    33.5396611,
    -7.5990226
  ],
  "La Colline": [
    33.5388192,
    -7.6422814
  ],
  "La Gironde": [
    33.5877705,
    -7.6012121
  ],
  "Laymoune": [
    33.5354554,
    -7.6834473
  ],
  "Les Cretes": [
    33.5495136,
    -7.624092
  ],
  "Les Hôpitaux": [
    33.5771288,
    -7.6170525
  ],
  "Les Princesses": [
    33.5770141,
    -7.6480351
  ],
  "Les princesses": [
    33.5770141,
    -7.6480351
  ],
  "Liberte": [
    33.5866337,
    -7.6116778
  ],
  "Liberté": [
    33.5866337,
    -7.6116778
  ],
  "Lissasfa": [
    33.5314545,
    -7.6724261
  ],
  "Maarif": [
    33.5708072,
    -7.6282984
  ],
  "Maarif Extension": [
    33.5796583,
    -7.6420884
  ],
  "Mandarona": [
    33.5325713,
    -7.6121917
  ],
  "Maârif": [
    33.5708072,
    -7.6282984
  ],
  "Maârif Extension": [
    33.5796583,
    -7.6420884
  ],
  "Mers Sultan": [
    33.5698317,
    -7.6088337
  ],
  "Moulay Youssef": [
    33.6023382,
    -7.6328871
  ],
  "Nassim 2": [
    33.5250904,
    -7.6625174
  ],
  "Oasis": [
    33.5546622,
    -7.6313839
  ],
  "Oulfa": [
    33.5512304,
    -7.6845634
  ],
  "Palmier": [
    33.5810494,
    -7.6330145
  ],
  "Polo": [
    33.5587054,
    -7.6163969
  ],
  "Racine": [
    33.5896092,
    -7.6407011
  ],
  "Riviera": [
    33.563625,
    -7.6421037
  ],
  "Roches Noires": [
    33.5931914,
    -7.5957822
  ],
  "Sidi Belyout": [
    33.595906,
    -7.619884
  ],
  "Sidi El Khadir": [
    33.5692705,
    -7.683915
  ],
  "Sidi Maarouf": [
    33.5286123,
    -7.646462
  ],
  "Sidi Moumen": [
    33.5843834,
    -7.5072051
  ],
  "Sidi Othmane": [
    33.5570072,
    -7.5603844
  ],
  "Triangle d'Or": [
    33.5883665,
    -7.6381283
  ],
  "Val D Anfa": [
    33.5949159,
    -7.6543731
  ],
  "Val Fleuri": [
    33.5748756,
    -7.6369836
  ],
  "Vermont": [
    33.5501396,
    -7.6263272
  ],
  "Yasmina": [
    33.5398738,
    -7.5851683
  ],
  "Ain Diab Extension": [
    33.5811626,
    -7.6843877
  ],
  "Bourgogne Est": [
    33.5985679,
    -7.6418596
  ],
  "Bourgogne Ouest": [
    33.5985679,
    -7.6418596
  ],
  "CIL (Hay Salam)": [
    33.5456748,
    -7.6735958
  ],
  "Dar Essalam": [
    33.5730781,
    -7.6550137
  ],
  "El Manar - El Hank": [
    33.6042193,
    -7.6501754
  ],
  "Ferme Bretonne (Hay Arraha)": [
    33.56399,
    -7.6464243
  ],
  "Hay Alfarah": [
    33.5676008,
    -7.5907597
  ],
  "Nassim 1": [
    33.5425088,
    -7.6521545
  ],
  "Oasis Sud": [
    33.5546945,
    -7.6314184
  ],
  "Plateau (Al Batha)": [
    33.5691699,
    -7.6369972
  ],
  "Quartier Al Woroud": [
    33.5843407,
    -7.6212864
  ],
  "Racine Extension": [
    33.5896092,
    -7.6407011
  ],
  "Casablanca Marina": [
    33.6063,
    -7.6135
  ],
  "La Floride": [
    33.5687,
    -7.6717
  ],
  "Val Fleury": [
    33.5878,
    -7.6504
  ],
  "Beausite": [
    33.5725,
    -7.6345
  ],
  "Tantonville": [
    33.5945,
    -7.6235
  ],
  "Hay Al Fath": [
    33.586,
    -7.5545
  ],
  "Hay Haddaouia": [
    33.609,
    -7.543
  ],
  "Longchamps (Hay Al Hanaa)": [
    33.5665,
    -7.6245
  ]
}